"Biome","r","RMSE","bias","n"
"Tundra","0.862288446558686","12.5597338881819","9.49083125854599","114"
"Boreal","0.784027790931821","14.2999839121962","9.31996045209595","60"
"Conifer","0.888451803884243","18.612755169983","-16.424216754706","60"
"Deciduous","0.766994803708753","16.4013332864067","-8.91554961486283","94"
"Humid","0.70631408280731","17.239960439139","-3.22749325127904","151"
"Arid","0.780326548381546","16.6739442148831","2.08930120057484","113"
"Tropical","0.756689153403875","15.2855387177757","7.74885383706906","46"
"All","0.792572233965527","16.0019935825779","-0.120964650865938","638"
