"Biome","r","RMSE","bias","n"
"Triticum aestivum","0.272884923279434","0.483759827642743","-0.0663771436049775","107"
"Pinus elliottii","0.34151971992944","0.296080458925702","-0.00594925660608351","111"
"Thuja plicata","0.282434209547673","0.369343085079096","0.108683525365839","109"
"Acer saccharinum","0.47940446639111","0.281525895158069","-0.0673009217953652","103"
"Quercus prinus","0.381361461119343","0.324602989438056","0.0699882024523413","106"
"Drypetes glauca","0.753769008739468","0.259646215579898","0.158140561656322","102"
"All","0.53940104088153","0.344798247240907","0.032446511316362","638"
