"Biome","r","RMSE","bias","n"
"Tundra","0.574224396286437","0.32011440923139","0.0928635829176377","114"
"Boreal","0.800063521458669","0.277892970601745","0.0733408974964514","60"
"Conifer","0.853123133845852","0.198593850010585","0.0473046323705677","60"
"Deciduous","0.71083197165057","0.312482184027339","-0.129074156466112","94"
"Humid","0.374030650784556","0.442095368824291","-0.134276202396332","151"
"Arid","0.569327622228932","0.287366431835491","0.16369632204989","113"
"Tropical","0.678678114815095","0.445863945327468","0.364927975070223","46"
"All","0.53940104088153","0.344798247240907","0.032446511316362","638"
